"Name","Version","Type","Repository","Commit","Location","Url","Status"
"AI-Tournament-Maps","1.0.0","plugin","Krarilotus/extension-AI-Tournament-Maps","ae9ffcc35f7ef491fed787be1d75fca979670b81","AI-Tournament-Maps-1.0.0","https://codeload.github.com/Krarilotus/extension-AI-Tournament-Maps/zip/ae9ffcc35f7ef491fed787be1d75fca979670b81","downloaded"
"Aggressive-AI-Behaviour","1.4.0","plugin","Krarilotus/extension-Aggressive-AI-Behaviour","137f71f11a8b6caebfe166ce6156a18b07749718","Aggressive-AI-Behaviour-1.4.0","https://codeload.github.com/Krarilotus/extension-Aggressive-AI-Behaviour/zip/137f71f11a8b6caebfe166ce6156a18b07749718","downloaded"
"Aggressive-AI-Behaviour-Applied","1.4.0","plugin","Krarilotus/extension-Aggressive-AI-Behaviour-Applied","26494f52da1d2c222acfeb05545ddc72da8e0c42","Aggressive-AI-Behaviour-Applied-1.4.0","https://codeload.github.com/Krarilotus/extension-Aggressive-AI-Behaviour-Applied/zip/26494f52da1d2c222acfeb05545ddc72da8e0c42","downloaded"
"ApeX-AI-Behaviour","1.4.0","plugin","Xander10alpha/extension-ApeX-AI-Behaviour","46048311f4230de20c603d0b966d8991678a1a6e","ApeX-AI-Behaviour-1.4.0","https://codeload.github.com/Xander10alpha/extension-ApeX-AI-Behaviour/zip/46048311f4230de20c603d0b966d8991678a1a6e","downloaded"
"ApeX-AI-Behaviour-Applied","1.4.0","plugin","Xander10alpha/extension-ApeX-AI-Behaviour-Applied","2568968ffd30e7c3590012bf45612adf6ca44c6d","ApeX-AI-Behaviour-Applied-1.4.0","https://codeload.github.com/Xander10alpha/extension-ApeX-AI-Behaviour-Applied/zip/2568968ffd30e7c3590012bf45612adf6ca44c6d","downloaded"
"Vanilla-Interpretation-Castles","1.0.2","plugin","Krarilotus/extension-Vanilla-Interpretation-Castles","eef88bc98e462c6ee3a288e03f13dc3b3702e2e6","Vanilla-Interpretation-Castles-1.0.2","https://codeload.github.com/Krarilotus/extension-Vanilla-Interpretation-Castles/zip/eef88bc98e462c6ee3a288e03f13dc3b3702e2e6","downloaded"
"Vanilla-Interpretation-Castles-Applied","1.0.2","plugin","Krarilotus/extension-Vanilla-Interpretation-Castles-Applied","1b9e4a863c20f991fae3eb1b236f010d17ca900f","Vanilla-Interpretation-Castles-Applied-1.0.2","https://codeload.github.com/Krarilotus/extension-Vanilla-Interpretation-Castles-Applied/zip/1b9e4a863c20f991fae3eb1b236f010d17ca900f","downloaded"
"Vanilla-Retraced-Unlocked","1.0.2","plugin","Krarilotus/Vanilla-Retraced","5aea02a5987bef1759e3df50c7bec86084ee7496","Vanilla-Retraced-Unlocked-1.0.2","https://codeload.github.com/Krarilotus/Vanilla-Retraced/zip/5aea02a5987bef1759e3df50c7bec86084ee7496","downloaded"
"ucp2-ai-files","2.15.1","plugin","UnofficialCrusaderPatch/extension-ucp2-ai-files","481d745f8960c44e6de16b6200d66af04cc89b20","ucp2-ai-files-2.15.1","https://codeload.github.com/UnofficialCrusaderPatch/extension-ucp2-ai-files/zip/481d745f8960c44e6de16b6200d66af04cc89b20","downloaded"
"ucp2-aic-patch","2.15.1","plugin","UnofficialCrusaderPatch/extension-ucp2-aic-patch","3d39204e179bf848896fd59b6efae9b5a959123c","ucp2-aic-patch-2.15.1","https://codeload.github.com/UnofficialCrusaderPatch/extension-ucp2-aic-patch/zip/3d39204e179bf848896fd59b6efae9b5a959123c","downloaded"
"ucp2-evrey-aiv","2.15.1","plugin","UnofficialCrusaderPatch/extension-ucp2-evrey-aiv","d1c5007f19103917947682755b7d4bce394c9243","ucp2-evrey-aiv-2.15.1","https://codeload.github.com/UnofficialCrusaderPatch/extension-ucp2-evrey-aiv/zip/d1c5007f19103917947682755b7d4bce394c9243","downloaded"
"ucp2-legacy-defaults","2.15.1","plugin","UnofficialCrusaderPatch/extension-ucp2-legacy-defaults","68ef49205cc604311f230ef462b0cebf18e74e9d","ucp2-legacy-defaults-2.15.1","https://codeload.github.com/UnofficialCrusaderPatch/extension-ucp2-legacy-defaults/zip/68ef49205cc604311f230ef462b0cebf18e74e9d","downloaded"
"ucp2-tatha-aiv","2.15.1","plugin","UnofficialCrusaderPatch/extension-ucp2-tatha-aiv","5c9775b6dd90f9be77b50f30183c3c69a2467ee9","ucp2-tatha-aiv-2.15.1","https://codeload.github.com/UnofficialCrusaderPatch/extension-ucp2-tatha-aiv/zip/5c9775b6dd90f9be77b50f30183c3c69a2467ee9","downloaded"
"ucp2-vanilla-fixed-aiv","2.15.1","plugin","UnofficialCrusaderPatch/extension-ucp2-vanilla-fixed-aiv","2aac2f860ed81a0f38212e4ae953d53867f5f396","ucp2-vanilla-fixed-aiv-2.15.1","https://codeload.github.com/UnofficialCrusaderPatch/extension-ucp2-vanilla-fixed-aiv/zip/2aac2f860ed81a0f38212e4ae953d53867f5f396","downloaded"
"Legends-Of-The-Orient","3.0.3","plugin","CrusaderPilaw/extension-Legends-of-the-Orient","1e9a785e65107345403f28fb40d365d6df8001ab","Legends-Of-The-Orient-3.0.3","https://codeload.github.com/CrusaderPilaw/extension-Legends-of-the-Orient/zip/1e9a785e65107345403f28fb40d365d6df8001ab","downloaded"
"Legends-Of-The-Orient-AI","3.0.2","plugin","CrusaderPilaw/extension-Legends-of-the-Orient-AI","2fd8840c40264a53110fc21e9060d098192b1049","Legends-Of-The-Orient-AI-3.0.2","https://codeload.github.com/CrusaderPilaw/extension-Legends-of-the-Orient-AI/zip/2fd8840c40264a53110fc21e9060d098192b1049","downloaded"
"Fiery-Ladies","0.4.0","plugin","ByBurton/extension-fiery-ladies","39bc99c47eee03311440b37882c68ed442a4ef73","Fiery-Ladies-0.4.0","https://codeload.github.com/ByBurton/extension-fiery-ladies/zip/39bc99c47eee03311440b37882c68ed442a4ef73","downloaded"
"Fiery-Ladies-AI","0.4.0","plugin","ByBurton/extension-fiery-ladies-ai","5567282108b89387bd2bc7016d67995c7cd0fcb4","Fiery-Ladies-AI-0.4.0","https://codeload.github.com/ByBurton/extension-fiery-ladies-ai/zip/5567282108b89387bd2bc7016d67995c7cd0fcb4","downloaded"
"Schlossgespenst-KI","1.0.2","plugin","Schlossgespensty/Schlossgespenst-KI","8a843337a6a1aea895a4b6f063f1d65ad5d3a4be","Schlossgespenst-KI-1.0.2","https://codeload.github.com/Schlossgespensty/Schlossgespenst-KI/zip/8a843337a6a1aea895a4b6f063f1d65ad5d3a4be","downloaded"
"Schlossgespenst-KI-files","1.0.4","plugin","Schlossgespensty/Schlossgespenst-KI-files","362eadd1d3f5f84d660ffaa2c101f67c95fb2677","Schlossgespenst-KI-files-1.0.4","https://codeload.github.com/Schlossgespensty/Schlossgespenst-KI-files/zip/362eadd1d3f5f84d660ffaa2c101f67c95fb2677","downloaded"
"ConqueringChristmas","1.0.1","plugin","Monsterfisch/ConqueringChristmas_-Stronghold1_textures-with-snow-","cc03cf4d47d06657402365987a7699c2cbd27e25","ConqueringChristmas-1.0.1","https://codeload.github.com/Monsterfisch/ConqueringChristmas_-Stronghold1_textures-with-snow-/zip/cc03cf4d47d06657402365987a7699c2cbd27e25","downloaded"
"ConqueringEurope","1.0.0","plugin","Monsterfisch/ConqueringEurope_-Stronghold1_textures-","fb703ff23c4f05b761fbc3dc0dcdaab108d8ff3f","ConqueringEurope-1.0.0","https://codeload.github.com/Monsterfisch/ConqueringEurope_-Stronghold1_textures-/zip/fb703ff23c4f05b761fbc3dc0dcdaab108d8ff3f","downloaded"
"Kirito-Kun","1.0.0","plugin","Xander10alpha/extension-Kirito-Kun-AI","1b24f0b71d411f79ccb028ce88055230f57de677","Kirito-Kun-1.0.0","https://codeload.github.com/Xander10alpha/extension-Kirito-Kun-AI/zip/1b24f0b71d411f79ccb028ce88055230f57de677","downloaded"
"Ascension-AI-Balance","1.0.6","plugin","Krarilotus/Ascension","184749f1432b8330848abc64faf87a4d83090c29","Ascension-AI-Balance-1.0.6","https://codeload.github.com/Krarilotus/Ascension/zip/184749f1432b8330848abc64faf87a4d83090c29","downloaded"
"Ascension-Balance","1.0.3","plugin","Krarilotus/Ascension","184749f1432b8330848abc64faf87a4d83090c29","Ascension-Balance-1.0.3","https://codeload.github.com/Krarilotus/Ascension/zip/184749f1432b8330848abc64faf87a4d83090c29","downloaded"
"Ascension-AI","1.0.0","plugin","Krarilotus/Ascension","184749f1432b8330848abc64faf87a4d83090c29","Ascension-AI-1.0.0","https://codeload.github.com/Krarilotus/Ascension/zip/184749f1432b8330848abc64faf87a4d83090c29","downloaded"
"Ascension-Multiplayer","1.0.4","plugin","Krarilotus/Ascension","184749f1432b8330848abc64faf87a4d83090c29","Ascension-Multiplayer-1.0.4","https://codeload.github.com/Krarilotus/Ascension/zip/184749f1432b8330848abc64faf87a4d83090c29","downloaded"
"Ascension-Maps","1.0.1","plugin","Krarilotus/Ascension","184749f1432b8330848abc64faf87a4d83090c29","Ascension-Maps-1.0.1","https://codeload.github.com/Krarilotus/Ascension/zip/184749f1432b8330848abc64faf87a4d83090c29","downloaded"
"Community-Paket-Files","1.0.1","plugin","Nevikov/Community-Paket-UCP3","1e11f99033c598567145a6597f733945881ba70a","Community-Paket-Files-1.0.1","https://codeload.github.com/Nevikov/Community-Paket-UCP3/zip/1e11f99033c598567145a6597f733945881ba70a","downloaded"
"Community-Paket","1.0.1","plugin","Nevikov/Community-Paket-UCP3","1e11f99033c598567145a6597f733945881ba70a","Community-Paket-1.0.1","https://codeload.github.com/Nevikov/Community-Paket-UCP3/zip/1e11f99033c598567145a6597f733945881ba70a","downloaded"
"Die-neuen-Herrscher","1.0.0","plugin","Hacksuelze/Die-neuen-Herrscher","4a02e6e6cefa730725473c881960f1324c410ffe","Die-neuen-Herrscher-1.0.0","https://codeload.github.com/Hacksuelze/Die-neuen-Herrscher/zip/4a02e6e6cefa730725473c881960f1324c410ffe","downloaded"
"Die-neuen-Herrscher-KI-Files","1.0.0","plugin","Hacksuelze/Die-neuen-Herrscher-KI","080d56188175cb36699b8b980e1d73543dc01fdb","Die-neuen-Herrscher-KI-Files-1.0.0","https://codeload.github.com/Hacksuelze/Die-neuen-Herrscher-KI/zip/080d56188175cb36699b8b980e1d73543dc01fdb","downloaded"
"Ascension-AI-Tournament","3.0.0","plugin","Krarilotus/Ascension-AI-Tournament","d15108d47bf50c358077334d39e095f0d5227720","Ascension-AI-Tournament-3.0.0","https://codeload.github.com/Krarilotus/Ascension-AI-Tournament/zip/d15108d47bf50c358077334d39e095f0d5227720","downloaded"
"Seraphine-and-Verehrer","1.0.0","plugin","Krarilotus/Seraphine","dddd62fa840f36aec9a62a24df6f1f1d13d25b6b","Seraphine-and-Verehrer-1.0.0","https://codeload.github.com/Krarilotus/Seraphine/zip/dddd62fa840f36aec9a62a24df6f1f1d13d25b6b","downloaded"
"aiSwapper","1.1.0","module","UnofficialCrusaderPatch/extension-aiSwapper","f779b9a2bd5a9691b8bbfc9459af019b5ad29f85","aiSwapper-1.1.0","https://codeload.github.com/UnofficialCrusaderPatch/extension-aiSwapper/zip/f779b9a2bd5a9691b8bbfc9459af019b5ad29f85","downloaded"
"aicloader","1.1.1","module","UnofficialCrusaderPatch/extension-aicloader","a6d1a960f9e96f4e815d601ac5dee2a736659da2","aicloader-1.1.1","https://codeload.github.com/UnofficialCrusaderPatch/extension-aicloader/zip/a6d1a960f9e96f4e815d601ac5dee2a736659da2","downloaded"
"aivloader","1.0.0","module","UnofficialCrusaderPatch/extension-aivloader","e5afeb5771b813cf1f594806f16b53c1c3d476c5","aivloader-1.0.0","https://codeload.github.com/UnofficialCrusaderPatch/extension-aivloader/zip/e5afeb5771b813cf1f594806f16b53c1c3d476c5","downloaded"
"files","1.1.0","module","UnofficialCrusaderPatch/extension-files","27b1a19f22c3cc53c1641f593d9f82fa71dfd029","files-1.1.0","https://codeload.github.com/UnofficialCrusaderPatch/extension-files/zip/27b1a19f22c3cc53c1641f593d9f82fa71dfd029","downloaded"
"files","1.2.0","module","UnofficialCrusaderPatch/extension-files","c77b07577aef94d594b2454cbde8a81f9e15e4d4","files-1.2.0","https://codeload.github.com/UnofficialCrusaderPatch/extension-files/zip/c77b07577aef94d594b2454cbde8a81f9e15e4d4","downloaded"
"gmResourceModifier","0.2.0","module","TheRedDaemon/ucp_gmResourceModifier","019039afcb29f3806aa30c7157ae5a1253c06673","gmResourceModifier-0.2.0","https://codeload.github.com/TheRedDaemon/ucp_gmResourceModifier/zip/019039afcb29f3806aa30c7157ae5a1253c06673","downloaded"
"graphicsApiReplacer","1.2.0","module","TheRedDaemon/ucp_graphicsApiReplacer","14ef8ddf5b55d57778c2a7cf7b0e522bc045a191","graphicsApiReplacer-1.2.0","https://codeload.github.com/TheRedDaemon/ucp_graphicsApiReplacer/zip/14ef8ddf5b55d57778c2a7cf7b0e522bc045a191","downloaded"
"maploader","1.0.0","module","UnofficialCrusaderPatch/extension-maploader","658f9e73feb1ff4b4da3e45f236cb2ff0c1d8d32","maploader-1.0.0","https://codeload.github.com/UnofficialCrusaderPatch/extension-maploader/zip/658f9e73feb1ff4b4da3e45f236cb2ff0c1d8d32","downloaded"
"startResources","1.0.0","module","gynt/ucp_startResources","1942ce1e1d55ea4499a997fbecf719f882c9f715","startResources-1.0.0","https://codeload.github.com/gynt/ucp_startResources/zip/1942ce1e1d55ea4499a997fbecf719f882c9f715","downloaded"
"textResourceModifier","0.3.0","module","TheRedDaemon/ucp_textResourceModifier","5ab58faf03c47c16f7b23cb6bc651317edf23728","textResourceModifier-0.3.0","https://codeload.github.com/TheRedDaemon/ucp_textResourceModifier/zip/5ab58faf03c47c16f7b23cb6bc651317edf23728","downloaded"
"ucp2-legacy","2.15.1","module","UnofficialCrusaderPatch/extension-ucp2-legacy","04e826d00f1a5f8a623e15acffc743f115ee7fb1","ucp2-legacy-2.15.1","https://codeload.github.com/UnofficialCrusaderPatch/extension-ucp2-legacy/zip/04e826d00f1a5f8a623e15acffc743f115ee7fb1","downloaded"
"winProcHandler","0.2.0","module","TheRedDaemon/ucp_winProcHandler","aa39902c15dc63fc159ade35ca4907ac334e9724","winProcHandler-0.2.0","https://codeload.github.com/TheRedDaemon/ucp_winProcHandler/zip/aa39902c15dc63fc159ade35ca4907ac334e9724","downloaded"
"running-units","1.0.1","module","gynt/ucp-extension-running-units","add648dfda85f5c6c36e8ca1b2c0e4f798a034f4","running-units-1.0.1","https://codeload.github.com/gynt/ucp-extension-running-units/zip/add648dfda85f5c6c36e8ca1b2c0e4f798a034f4","downloaded"
"rebalancer","1.0.6","module","CIO61/rebalancer","14af1a3239e2a912de6e19b1a406917583acca2e","rebalancer-1.0.6","https://codeload.github.com/CIO61/rebalancer/zip/14af1a3239e2a912de6e19b1a406917583acca2e","downloaded"
"citizens","1.0.0","module","gynt/ucp-extension-citizens","74b4b610212110f4bd21195efb9d35b0d0c90f04","citizens-1.0.0","https://codeload.github.com/gynt/ucp-extension-citizens/zip/74b4b610212110f4bd21195efb9d35b0d0c90f04","downloaded"
