"file","slots","nearest","slotA","slotB"
"C:\Users\Serpens66\AppData\LocalLow\Firefly Studios\Stronghold Crusader Definitive Edition\Maps\test AI overbuild eachother.map","5","24,76","0","1"
"E:\ProgrammeE\Steam\steamapps\common\Stronghold Crusader Definitive Edition\Stronghold Crusader Definitive Edition_Data\StreamingAssets\Maps\Caesarea Swampland.map","4","34,71","1","2"
"E:\ProgrammeE\Steam\steamapps\common\Stronghold Crusader Definitive Edition\Stronghold Crusader Definitive Edition_Data\StreamingAssets\Maps\Thasos.map","7","39,05","3","5"
"E:\ProgrammeE\Steam\steamapps\common\Stronghold Crusader Definitive Edition\Stronghold Crusader Definitive Edition_Data\StreamingAssets\Maps\CrusadesCrossing.map","8","39,85","0","1"
"E:\ProgrammeE\Steam\steamapps\common\Stronghold Crusader Definitive Edition\Stronghold Crusader Definitive Edition_Data\StreamingAssets\Maps\Reed Sea.map","7","40,16","2","5"
"E:\ProgrammeE\Steam\steamapps\common\Stronghold Crusader Definitive Edition\Stronghold Crusader Definitive Edition_Data\StreamingAssets\Maps\MP-Two Falls.map","4","40,46","2","3"
"E:\ProgrammeE\Steam\steamapps\common\Stronghold Crusader Definitive Edition\Stronghold Crusader Definitive Edition_Data\StreamingAssets\Maps\Craggy Cliffs.map","8","41,19","3","4"
"E:\ProgrammeE\Steam\steamapps\common\Stronghold Crusader Definitive Edition\Stronghold Crusader Definitive Edition_Data\StreamingAssets\Maps\Phoenix.map","4","42,05","2","3"
"E:\ProgrammeE\Steam\steamapps\common\Stronghold Crusader Definitive Edition\Stronghold Crusader Definitive Edition_Data\StreamingAssets\Maps\Jealous_Neighbours.map","6","42,45","4","5"
"E:\ProgrammeE\Steam\steamapps\common\Stronghold Crusader Definitive Edition\Stronghold Crusader Definitive Edition_Data\StreamingAssets\Maps\MP-Downhill Scrum.map","8","47,04","6","7"
"E:\ProgrammeE\Steam\steamapps\common\Stronghold Crusader Definitive Edition\Stronghold Crusader Definitive Edition_Data\StreamingAssets\Maps\Land of the Cactus.map","3","48,17","0","2"
"E:\ProgrammeE\Steam\steamapps\common\Stronghold Crusader Definitive Edition\Stronghold Crusader Definitive Edition_Data\StreamingAssets\Maps\Two in a bed.map","7","48,51","0","1"
"E:\ProgrammeE\Steam\steamapps\common\Stronghold Crusader Definitive Edition\Stronghold Crusader Definitive Edition_Data\StreamingAssets\Maps\IronDefence.map","7","49,04","0","1"
"E:\ProgrammeE\Steam\steamapps\common\Stronghold Crusader Definitive Edition\Stronghold Crusader Definitive Edition_Data\StreamingAssets\Maps\The_Host.map","8","49,19","3","4"
"E:\ProgrammeE\Steam\steamapps\common\Stronghold Crusader Definitive Edition\Stronghold Crusader Definitive Edition_Data\StreamingAssets\Maps\Crete Peninsula.map","8","49,65","4","6"
"E:\ProgrammeE\Steam\steamapps\common\Stronghold Crusader Definitive Edition\Stronghold Crusader Definitive Edition_Data\StreamingAssets\Maps\Bird_in_flight.map","5","50,48","3","4"
"E:\ProgrammeE\Steam\steamapps\common\Stronghold Crusader Definitive Edition\Stronghold Crusader Definitive Edition_Data\StreamingAssets\Maps\A New Land.map","5","50,54","2","3"
"E:\ProgrammeE\Steam\steamapps\common\Stronghold Crusader Definitive Edition\Stronghold Crusader Definitive Edition_Data\StreamingAssets\Maps\Tilos.map","8","52,8","2","6"
"E:\ProgrammeE\Steam\steamapps\common\Stronghold Crusader Definitive Edition\Stronghold Crusader Definitive Edition_Data\StreamingAssets\Maps\Pig in a Poke.map","6","53,74","0","1"
"E:\ProgrammeE\Steam\steamapps\common\Stronghold Crusader Definitive Edition\Stronghold Crusader Definitive Edition_Data\StreamingAssets\Maps\A Friend Indeed.map","6","53,76","4","5"
"E:\ProgrammeE\Steam\steamapps\common\Stronghold Crusader Definitive Edition\Stronghold Crusader Definitive Edition_Data\StreamingAssets\Maps\Watering Holes.map","5","53,85","1","2"
"E:\ProgrammeE\Steam\steamapps\common\Stronghold Crusader Definitive Edition\Stronghold Crusader Definitive Edition_Data\StreamingAssets\Maps\Hell on the Hill.map","8","53,91","2","3"
"E:\ProgrammeE\Steam\steamapps\common\Stronghold Crusader Definitive Edition\Stronghold Crusader Definitive Edition_Data\StreamingAssets\Maps\The Valley.map","8","54,08","2","4"
"E:\ProgrammeE\Steam\steamapps\common\Stronghold Crusader Definitive Edition\Stronghold Crusader Definitive Edition_Data\StreamingAssets\Maps\Trapesac Island.map","6","54,49","0","1"
"E:\ProgrammeE\Steam\steamapps\common\Stronghold Crusader Definitive Edition\Stronghold Crusader Definitive Edition_Data\StreamingAssets\Maps\Melos.map","7","55,57","5","6"
"E:\ProgrammeE\Steam\steamapps\common\Stronghold Crusader Definitive Edition\Stronghold Crusader Definitive Edition_Data\StreamingAssets\Maps\Lacus Magnus.map","6","56,61","2","5"
"E:\ProgrammeE\Steam\steamapps\common\Stronghold Crusader Definitive Edition\Stronghold Crusader Definitive Edition_Data\StreamingAssets\Maps\crusaders_mission6e.map","8","56,89","1","7"
"E:\ProgrammeE\Steam\steamapps\common\Stronghold Crusader Definitive Edition\Stronghold Crusader Definitive Edition_Data\StreamingAssets\Maps\Marshy Mayhem.map","8","57,01","3","5"
"E:\ProgrammeE\Steam\steamapps\common\Stronghold Crusader Definitive Edition\Stronghold Crusader Definitive Edition_Data\StreamingAssets\Maps\Lake Qaddas.map","6","57,31","4","5"
"E:\ProgrammeE\Steam\steamapps\common\Stronghold Crusader Definitive Edition\Stronghold Crusader Definitive Edition_Data\StreamingAssets\Maps\The Last Stand.map","8","57,57","6","7"
"E:\ProgrammeE\Steam\steamapps\common\Stronghold Crusader Definitive Edition\Stronghold Crusader Definitive Edition_Data\StreamingAssets\Maps\MP-Valley of the lords.map","8","58,05","1","2"
"E:\ProgrammeE\Steam\steamapps\common\Stronghold Crusader Definitive Edition\Stronghold Crusader Definitive Edition_Data\StreamingAssets\Maps\The Guardians.map","8","58,8","3","6"
"E:\ProgrammeE\Steam\steamapps\common\Stronghold Crusader Definitive Edition\Stronghold Crusader Definitive Edition_Data\StreamingAssets\Maps\Cyclades.map","4","60,11","2","3"
"E:\ProgrammeE\Steam\steamapps\common\Stronghold Crusader Definitive Edition\Stronghold Crusader Definitive Edition_Data\StreamingAssets\Maps\Rock Face.map","5","60,42","0","1"
"E:\ProgrammeE\Steam\steamapps\common\Stronghold Crusader Definitive Edition\Stronghold Crusader Definitive Edition_Data\StreamingAssets\Maps\The Dunes.map","6","60,61","3","5"
"E:\ProgrammeE\Steam\steamapps\common\Stronghold Crusader Definitive Edition\Stronghold Crusader Definitive Edition_Data\StreamingAssets\Maps\Arnon River.map","6","61,2","3","4"
"E:\ProgrammeE\Steam\steamapps\common\Stronghold Crusader Definitive Edition\Stronghold Crusader Definitive Edition_Data\StreamingAssets\Maps\Coconut Twist.map","7","61,74","2","4"
"E:\ProgrammeE\Steam\steamapps\common\Stronghold Crusader Definitive Edition\Stronghold Crusader Definitive Edition_Data\StreamingAssets\Maps\Three_Little_Pigs.map","4","62,39","1","2"
"E:\ProgrammeE\Steam\steamapps\common\Stronghold Crusader Definitive Edition\Stronghold Crusader Definitive Edition_Data\StreamingAssets\Maps\Great Euphrates.map","8","63,03","2","3"
"E:\ProgrammeE\Steam\steamapps\common\Stronghold Crusader Definitive Edition\Stronghold Crusader Definitive Edition_Data\StreamingAssets\Maps\Coastal_Trap.map","6","63,06","4","5"
"E:\ProgrammeE\Steam\steamapps\common\Stronghold Crusader Definitive Edition\Stronghold Crusader Definitive Edition_Data\StreamingAssets\Maps\Drawn and Quartered.map","7","63,07","3","4"
"E:\ProgrammeE\Steam\steamapps\common\Stronghold Crusader Definitive Edition\Stronghold Crusader Definitive Edition_Data\StreamingAssets\Maps\West Coast.map","6","64,14","1","2"
"E:\ProgrammeE\Steam\steamapps\common\Stronghold Crusader Definitive Edition\Stronghold Crusader Definitive Edition_Data\StreamingAssets\Maps\Rivers_Fork.map","5","64,2","3","4"
"E:\ProgrammeE\Steam\steamapps\common\Stronghold Crusader Definitive Edition\Stronghold Crusader Definitive Edition_Data\StreamingAssets\Maps\PathToVictory.map","3","64,2","0","1"
"E:\ProgrammeE\Steam\steamapps\common\Stronghold Crusader Definitive Edition\Stronghold Crusader Definitive Edition_Data\StreamingAssets\Maps\MP-Slopes of doom.map","6","64,35","3","4"
"E:\ProgrammeE\Steam\steamapps\common\Stronghold Crusader Definitive Edition\Stronghold Crusader Definitive Edition_Data\StreamingAssets\Maps\Desert Island Blues.map","8","65","2","7"
"E:\ProgrammeE\Steam\steamapps\common\Stronghold Crusader Definitive Edition\Stronghold Crusader Definitive Edition_Data\StreamingAssets\Maps\Happy Land.map","8","65,07","4","6"
"E:\ProgrammeE\Steam\steamapps\common\Stronghold Crusader Definitive Edition\Stronghold Crusader Definitive Edition_Data\StreamingAssets\Maps\ABridgeApart.map","5","65,31","0","1"
"E:\ProgrammeE\Steam\steamapps\common\Stronghold Crusader Definitive Edition\Stronghold Crusader Definitive Edition_Data\StreamingAssets\Maps\North vs South.map","8","65,31","6","7"
"E:\ProgrammeE\Steam\steamapps\common\Stronghold Crusader Definitive Edition\Stronghold Crusader Definitive Edition_Data\StreamingAssets\Maps\Conquest.map","8","65,46","6","7"
"E:\ProgrammeE\Steam\steamapps\common\Stronghold Crusader Definitive Edition\Stronghold Crusader Definitive Edition_Data\StreamingAssets\Maps\Strati.map","3","65,95","1","2"
"E:\ProgrammeE\Steam\steamapps\common\Stronghold Crusader Definitive Edition\Stronghold Crusader Definitive Edition_Data\StreamingAssets\Maps\Lakes of Konya.map","7","66,48","1","6"
"E:\ProgrammeE\Steam\steamapps\common\Stronghold Crusader Definitive Edition\Stronghold Crusader Definitive Edition_Data\StreamingAssets\Maps\Province of Bodrum OP.map","7","66,57","2","4"
"E:\ProgrammeE\Steam\steamapps\common\Stronghold Crusader Definitive Edition\Stronghold Crusader Definitive Edition_Data\StreamingAssets\Maps\Best_Friends.map","7","66,84","4","5"
"E:\ProgrammeE\Steam\steamapps\common\Stronghold Crusader Definitive Edition\Stronghold Crusader Definitive Edition_Data\StreamingAssets\Maps\MP-Divided.map","6","67,27","4","5"
"E:\ProgrammeE\Steam\steamapps\common\Stronghold Crusader Definitive Edition\Stronghold Crusader Definitive Edition_Data\StreamingAssets\Maps\Divided.map","6","67,27","4","5"
"E:\ProgrammeE\Steam\steamapps\common\Stronghold Crusader Definitive Edition\Stronghold Crusader Definitive Edition_Data\StreamingAssets\Maps\Outreach.map","4","67,42","2","3"
"E:\ProgrammeE\Steam\steamapps\common\Stronghold Crusader Definitive Edition\Stronghold Crusader Definitive Edition_Data\StreamingAssets\Maps\Hidden Crater.map","8","67,47","4","5"
"E:\ProgrammeE\Steam\steamapps\common\Stronghold Crusader Definitive Edition\Stronghold Crusader Definitive Edition_Data\StreamingAssets\Maps\TheTrident.map","4","67,9","0","1"
"E:\ProgrammeE\Steam\steamapps\common\Stronghold Crusader Definitive Edition\Stronghold Crusader Definitive Edition_Data\StreamingAssets\Maps\The Bulls eye.map","8","68","0","2"
"E:\ProgrammeE\Steam\steamapps\common\Stronghold Crusader Definitive Edition\Stronghold Crusader Definitive Edition_Data\StreamingAssets\Maps\Outcrop.map","8","68,62","3","7"
"E:\ProgrammeE\Steam\steamapps\common\Stronghold Crusader Definitive Edition\Stronghold Crusader Definitive Edition_Data\StreamingAssets\Maps\Tyre.map","5","69,53","2","3"
"E:\ProgrammeE\Steam\steamapps\common\Stronghold Crusader Definitive Edition\Stronghold Crusader Definitive Edition_Data\StreamingAssets\Maps\crusaders_mission4e.map","5","69,53","1","3"
"E:\ProgrammeE\Steam\steamapps\common\Stronghold Crusader Definitive Edition\Stronghold Crusader Definitive Edition_Data\StreamingAssets\Maps\The river.map","8","69,64","1","6"
"E:\ProgrammeE\Steam\steamapps\common\Stronghold Crusader Definitive Edition\Stronghold Crusader Definitive Edition_Data\StreamingAssets\Maps\CrowdedIsland.map","4","70,18","1","2"
"E:\ProgrammeE\Steam\steamapps\common\Stronghold Crusader Definitive Edition\Stronghold Crusader Definitive Edition_Data\StreamingAssets\Maps\Wall of Iron.map","8","70,35","6","7"
"E:\ProgrammeE\Steam\steamapps\common\Stronghold Crusader Definitive Edition\Stronghold Crusader Definitive Edition_Data\StreamingAssets\Maps\CenterOfPower.map","8","70,46","0","1"
"E:\ProgrammeE\Steam\steamapps\common\Stronghold Crusader Definitive Edition\Stronghold Crusader Definitive Edition_Data\StreamingAssets\Maps\Crusader Demo.map","5","71,47","2","4"
"E:\ProgrammeE\Steam\steamapps\common\Stronghold Crusader Definitive Edition\Stronghold Crusader Definitive Edition_Data\StreamingAssets\Maps\Litani and Jordan.map","5","72,03","2","3"
"E:\ProgrammeE\Steam\steamapps\common\Stronghold Crusader Definitive Edition\Stronghold Crusader Definitive Edition_Data\StreamingAssets\Maps\CrossedStreams.map","6","75,96","0","1"
"E:\ProgrammeE\Steam\steamapps\common\Stronghold Crusader Definitive Edition\Stronghold Crusader Definitive Edition_Data\StreamingAssets\Maps\Hills of Antioch.map","4","76,38","1","2"
"E:\ProgrammeE\Steam\steamapps\common\Stronghold Crusader Definitive Edition\Stronghold Crusader Definitive Edition_Data\StreamingAssets\Maps\MP-No where to hide.map","7","77,08","2","3"
"E:\ProgrammeE\Steam\steamapps\common\Stronghold Crusader Definitive Edition\Stronghold Crusader Definitive Edition_Data\StreamingAssets\Maps\Wide_Open_Plain.map","7","77,08","2","3"
"E:\ProgrammeE\Steam\steamapps\common\Stronghold Crusader Definitive Edition\Stronghold Crusader Definitive Edition_Data\StreamingAssets\Maps\IsleOfTears.map","6","77,28","2","5"
"E:\ProgrammeE\Steam\steamapps\common\Stronghold Crusader Definitive Edition\Stronghold Crusader Definitive Edition_Data\StreamingAssets\Maps\Dunes of Nicaea.map","6","77,93","0","1"
"E:\ProgrammeE\Steam\steamapps\common\Stronghold Crusader Definitive Edition\Stronghold Crusader Definitive Edition_Data\StreamingAssets\Maps\Mind Games.map","6","78,09","0","1"
"E:\ProgrammeE\Steam\steamapps\common\Stronghold Crusader Definitive Edition\Stronghold Crusader Definitive Edition_Data\StreamingAssets\Maps\Cramped Crossing.map","5","79,4","2","3"
"E:\ProgrammeE\Steam\steamapps\common\Stronghold Crusader Definitive Edition\Stronghold Crusader Definitive Edition_Data\StreamingAssets\Maps\Marshy Crossroads.map","5","80,45","3","4"
"E:\ProgrammeE\Steam\steamapps\common\Stronghold Crusader Definitive Edition\Stronghold Crusader Definitive Edition_Data\StreamingAssets\Maps\Green Haven.map","8","80,72","2","7"
"E:\ProgrammeE\Steam\steamapps\common\Stronghold Crusader Definitive Edition\Stronghold Crusader Definitive Edition_Data\StreamingAssets\Maps\The Wet Lands.map","8","80,72","2","7"
"E:\ProgrammeE\Steam\steamapps\common\Stronghold Crusader Definitive Edition\Stronghold Crusader Definitive Edition_Data\StreamingAssets\Maps\Empty Handed.map","8","80,72","2","7"
"E:\ProgrammeE\Steam\steamapps\common\Stronghold Crusader Definitive Edition\Stronghold Crusader Definitive Edition_Data\StreamingAssets\Maps\The Killing Plains.map","8","80,72","2","7"
"E:\ProgrammeE\Steam\steamapps\common\Stronghold Crusader Definitive Edition\Stronghold Crusader Definitive Edition_Data\StreamingAssets\Maps\Two Rivers.map","8","82,88","2","7"
"E:\ProgrammeE\Steam\steamapps\common\Stronghold Crusader Definitive Edition\Stronghold Crusader Definitive Edition_Data\StreamingAssets\Maps\FerricFlow.map","6","83,63","4","5"
"E:\ProgrammeE\Steam\steamapps\common\Stronghold Crusader Definitive Edition\Stronghold Crusader Definitive Edition_Data\StreamingAssets\Maps\Crossroads.map","6","83,86","0","5"
"E:\ProgrammeE\Steam\steamapps\common\Stronghold Crusader Definitive Edition\Stronghold Crusader Definitive Edition_Data\StreamingAssets\Maps\Headland.map","5","84,06","1","2"
"E:\ProgrammeE\Steam\steamapps\common\Stronghold Crusader Definitive Edition\Stronghold Crusader Definitive Edition_Data\StreamingAssets\Maps\Its a Jungle Out There.map","6","84,86","2","5"
"E:\ProgrammeE\Steam\steamapps\common\Stronghold Crusader Definitive Edition\Stronghold Crusader Definitive Edition_Data\StreamingAssets\Maps\The Forest Oasis.map","6","84,86","2","5"
"E:\ProgrammeE\Steam\steamapps\common\Stronghold Crusader Definitive Edition\Stronghold Crusader Definitive Edition_Data\StreamingAssets\Maps\BigBend.map","7","84,9","0","1"
"E:\ProgrammeE\Steam\steamapps\common\Stronghold Crusader Definitive Edition\Stronghold Crusader Definitive Edition_Data\StreamingAssets\Maps\The Great Lake.map","6","85,09","1","3"
"E:\ProgrammeE\Steam\steamapps\common\Stronghold Crusader Definitive Edition\Stronghold Crusader Definitive Edition_Data\StreamingAssets\Maps\Region of Corinth.map","4","85,23","1","3"
"E:\ProgrammeE\Steam\steamapps\common\Stronghold Crusader Definitive Edition\Stronghold Crusader Definitive Edition_Data\StreamingAssets\Maps\TippedScales.map","4","85,7","0","1"
"E:\ProgrammeE\Steam\steamapps\common\Stronghold Crusader Definitive Edition\Stronghold Crusader Definitive Edition_Data\StreamingAssets\Maps\OldWounds.map","5","85,99","0","1"
"E:\ProgrammeE\Steam\steamapps\common\Stronghold Crusader Definitive Edition\Stronghold Crusader Definitive Edition_Data\StreamingAssets\Maps\Close Encounters.map","8","86,98","3","6"
"E:\ProgrammeE\Steam\steamapps\common\Stronghold Crusader Definitive Edition\Stronghold Crusader Definitive Edition_Data\StreamingAssets\Maps\Upwards Alliance.map","4","87","1","2"
"E:\ProgrammeE\Steam\steamapps\common\Stronghold Crusader Definitive Edition\Stronghold Crusader Definitive Edition_Data\StreamingAssets\Maps\No Escape.map","8","87","0","4"
"E:\ProgrammeE\Steam\steamapps\common\Stronghold Crusader Definitive Edition\Stronghold Crusader Definitive Edition_Data\StreamingAssets\Maps\Protected.map","8","87,01","0","1"
"E:\ProgrammeE\Steam\steamapps\common\Stronghold Crusader Definitive Edition\Stronghold Crusader Definitive Edition_Data\StreamingAssets\Maps\Convergence.map","6","87,46","3","4"
"E:\ProgrammeE\Steam\steamapps\common\Stronghold Crusader Definitive Edition\Stronghold Crusader Definitive Edition_Data\StreamingAssets\Maps\OverlookPlateau.map","7","88,28","5","6"
"E:\ProgrammeE\Steam\steamapps\common\Stronghold Crusader Definitive Edition\Stronghold Crusader Definitive Edition_Data\StreamingAssets\Maps\Iron Rush.map","5","88,39","2","3"
"E:\ProgrammeE\Steam\steamapps\common\Stronghold Crusader Definitive Edition\Stronghold Crusader Definitive Edition_Data\StreamingAssets\Maps\TheGreatDivide.map","6","88,68","0","4"
"E:\ProgrammeE\Steam\steamapps\common\Stronghold Crusader Definitive Edition\Stronghold Crusader Definitive Edition_Data\StreamingAssets\Maps\Snake_River.map","6","89,81","0","2"
"E:\ProgrammeE\Steam\steamapps\common\Stronghold Crusader Definitive Edition\Stronghold Crusader Definitive Edition_Data\StreamingAssets\Maps\Riverside Rampage.map","6","91,24","0","4"
"E:\ProgrammeE\Steam\steamapps\common\Stronghold Crusader Definitive Edition\Stronghold Crusader Definitive Edition_Data\StreamingAssets\Maps\Green Belt.map","6","91,24","0","4"
"E:\ProgrammeE\Steam\steamapps\common\Stronghold Crusader Definitive Edition\Stronghold Crusader Definitive Edition_Data\StreamingAssets\Maps\The Trench.map","6","91,24","0","4"
"E:\ProgrammeE\Steam\steamapps\common\Stronghold Crusader Definitive Edition\Stronghold Crusader Definitive Edition_Data\StreamingAssets\Maps\In the canyons.map","5","91,68","2","3"
"E:\ProgrammeE\Steam\steamapps\common\Stronghold Crusader Definitive Edition\Stronghold Crusader Definitive Edition_Data\StreamingAssets\Maps\GrainBasket.map","7","91,97","1","5"
"E:\ProgrammeE\Steam\steamapps\common\Stronghold Crusader Definitive Edition\Stronghold Crusader Definitive Edition_Data\StreamingAssets\Maps\EmeraldCliff.map","8","92,05","0","1"
"E:\ProgrammeE\Steam\steamapps\common\Stronghold Crusader Definitive Edition\Stronghold Crusader Definitive Edition_Data\StreamingAssets\Maps\Piggy in the Middle.map","4","92,09","0","1"
"E:\ProgrammeE\Steam\steamapps\common\Stronghold Crusader Definitive Edition\Stronghold Crusader Definitive Edition_Data\StreamingAssets\Maps\TheRunways.map","6","93,15","4","5"
"E:\ProgrammeE\Steam\steamapps\common\Stronghold Crusader Definitive Edition\Stronghold Crusader Definitive Edition_Data\StreamingAssets\Maps\HighRoad.map","6","93,19","2","4"
"E:\ProgrammeE\Steam\steamapps\common\Stronghold Crusader Definitive Edition\Stronghold Crusader Definitive Edition_Data\StreamingAssets\Maps\Hilltop Hideout.map","6","93,6","1","5"
"E:\ProgrammeE\Steam\steamapps\common\Stronghold Crusader Definitive Edition\Stronghold Crusader Definitive Edition_Data\StreamingAssets\Maps\Shattered Peninsula.map","8","94,11","1","2"
"E:\ProgrammeE\Steam\steamapps\common\Stronghold Crusader Definitive Edition\Stronghold Crusader Definitive Edition_Data\StreamingAssets\Maps\HeadOfTheValley.map","6","94,26","1","2"
"E:\ProgrammeE\Steam\steamapps\common\Stronghold Crusader Definitive Edition\Stronghold Crusader Definitive Edition_Data\StreamingAssets\Maps\Oasis Struggle.map","6","95,04","2","3"
"E:\ProgrammeE\Steam\steamapps\common\Stronghold Crusader Definitive Edition\Stronghold Crusader Definitive Edition_Data\StreamingAssets\Maps\MP-The rocky divide.map","4","95,46","2","3"
"E:\ProgrammeE\Steam\steamapps\common\Stronghold Crusader Definitive Edition\Stronghold Crusader Definitive Edition_Data\StreamingAssets\Maps\Wazirs_Fortress.map","3","96,54","0","1"
"E:\ProgrammeE\Steam\steamapps\common\Stronghold Crusader Definitive Edition\Stronghold Crusader Definitive Edition_Data\StreamingAssets\Maps\OpenOcean.map","8","96,8","4","5"
"E:\ProgrammeE\Steam\steamapps\common\Stronghold Crusader Definitive Edition\Stronghold Crusader Definitive Edition_Data\StreamingAssets\Maps\TheDivide.map","8","96,88","0","1"
"E:\ProgrammeE\Steam\steamapps\common\Stronghold Crusader Definitive Edition\Stronghold Crusader Definitive Edition_Data\StreamingAssets\Maps\Enclosure.map","4","96,94","1","2"
"E:\ProgrammeE\Steam\steamapps\common\Stronghold Crusader Definitive Edition\Stronghold Crusader Definitive Edition_Data\StreamingAssets\Maps\Flood plains of Jordan.map","4","97","2","3"
"E:\ProgrammeE\Steam\steamapps\common\Stronghold Crusader Definitive Edition\Stronghold Crusader Definitive Edition_Data\StreamingAssets\Maps\RiftValley.map","6","97,05","0","4"
"E:\ProgrammeE\Steam\steamapps\common\Stronghold Crusader Definitive Edition\Stronghold Crusader Definitive Edition_Data\StreamingAssets\Maps\Broken Dune.map","5","98,41","0","2"
"E:\ProgrammeE\Steam\steamapps\common\Stronghold Crusader Definitive Edition\Stronghold Crusader Definitive Edition_Data\StreamingAssets\Maps\TheTreeOfLife.map","5","98,49","3","4"
"E:\ProgrammeE\Steam\steamapps\common\Stronghold Crusader Definitive Edition\Stronghold Crusader Definitive Edition_Data\StreamingAssets\Maps\Castaways.map","6","99,13","1","3"
"E:\ProgrammeE\Steam\steamapps\common\Stronghold Crusader Definitive Edition\Stronghold Crusader Definitive Edition_Data\StreamingAssets\Maps\Halys River.map","4","99,3","0","1"
"E:\ProgrammeE\Steam\steamapps\common\Stronghold Crusader Definitive Edition\Stronghold Crusader Definitive Edition_Data\StreamingAssets\Maps\Island Hoppin.map","8","100","1","7"
"E:\ProgrammeE\Steam\steamapps\common\Stronghold Crusader Definitive Edition\Stronghold Crusader Definitive Edition_Data\StreamingAssets\Maps\Encircled.map","6","101,24","1","3"
"E:\ProgrammeE\Steam\steamapps\common\Stronghold Crusader Definitive Edition\Stronghold Crusader Definitive Edition_Data\StreamingAssets\Maps\RiverPass.map","6","101,24","1","2"
"E:\ProgrammeE\Steam\steamapps\common\Stronghold Crusader Definitive Edition\Stronghold Crusader Definitive Edition_Data\StreamingAssets\Maps\CanyonRidge.map","8","101,91","6","7"
"E:\ProgrammeE\Steam\steamapps\common\Stronghold Crusader Definitive Edition\Stronghold Crusader Definitive Edition_Data\StreamingAssets\Maps\HopeSprings.map","6","102,4","1","5"
"E:\ProgrammeE\Steam\steamapps\common\Stronghold Crusader Definitive Edition\Stronghold Crusader Definitive Edition_Data\StreamingAssets\Maps\The Spine.map","6","103","0","1"
"E:\ProgrammeE\Steam\steamapps\common\Stronghold Crusader Definitive Edition\Stronghold Crusader Definitive Edition_Data\StreamingAssets\Maps\CanalNetwork.map","8","103,41","1","5"
"E:\ProgrammeE\Steam\steamapps\common\Stronghold Crusader Definitive Edition\Stronghold Crusader Definitive Edition_Data\StreamingAssets\Maps\TheJordanValley.map","4","103,45","1","3"
"E:\ProgrammeE\Steam\steamapps\common\Stronghold Crusader Definitive Edition\Stronghold Crusader Definitive Edition_Data\StreamingAssets\Maps\Fury_Bay.map","4","104,55","0","2"
"E:\ProgrammeE\Steam\steamapps\common\Stronghold Crusader Definitive Edition\Stronghold Crusader Definitive Edition_Data\StreamingAssets\Maps\Snakehead.map","8","105,31","2","3"
"E:\ProgrammeE\Steam\steamapps\common\Stronghold Crusader Definitive Edition\Stronghold Crusader Definitive Edition_Data\StreamingAssets\Maps\Coastal Warfare.map","6","106,04","0","2"
"E:\ProgrammeE\Steam\steamapps\common\Stronghold Crusader Definitive Edition\Stronghold Crusader Definitive Edition_Data\StreamingAssets\Maps\crusaders_mission5d.map","4","107,56","1","3"
"E:\ProgrammeE\Steam\steamapps\common\Stronghold Crusader Definitive Edition\Stronghold Crusader Definitive Edition_Data\StreamingAssets\Maps\OasisScramble.map","7","108,89","1","2"
"E:\ProgrammeE\Steam\steamapps\common\Stronghold Crusader Definitive Edition\Stronghold Crusader Definitive Edition_Data\StreamingAssets\Maps\TheCrateredCoast.map","5","109,44","0","4"
"E:\ProgrammeE\Steam\steamapps\common\Stronghold Crusader Definitive Edition\Stronghold Crusader Definitive Edition_Data\StreamingAssets\Maps\ALongWayUp.map","5","109,62","3","4"
"E:\ProgrammeE\Steam\steamapps\common\Stronghold Crusader Definitive Edition\Stronghold Crusader Definitive Edition_Data\StreamingAssets\Maps\WorldsEnd.map","8","110,68","2","3"
"E:\ProgrammeE\Steam\steamapps\common\Stronghold Crusader Definitive Edition\Stronghold Crusader Definitive Edition_Data\StreamingAssets\Maps\IslandsInTheStream.map","5","111","0","2"
"E:\ProgrammeE\Steam\steamapps\common\Stronghold Crusader Definitive Edition\Stronghold Crusader Definitive Edition_Data\StreamingAssets\Maps\Fortification.map","4","112,07","0","1"
"E:\ProgrammeE\Steam\steamapps\common\Stronghold Crusader Definitive Edition\Stronghold Crusader Definitive Edition_Data\StreamingAssets\Maps\SeparationAnxiety.map","8","112,16","2","7"
"E:\ProgrammeE\Steam\steamapps\common\Stronghold Crusader Definitive Edition\Stronghold Crusader Definitive Edition_Data\StreamingAssets\Maps\RidgeRoad.map","4","114,59","0","1"
"E:\ProgrammeE\Steam\steamapps\common\Stronghold Crusader Definitive Edition\Stronghold Crusader Definitive Edition_Data\StreamingAssets\Maps\Rocky Falls.map","4","114,83","1","2"
"E:\ProgrammeE\Steam\steamapps\common\Stronghold Crusader Definitive Edition\Stronghold Crusader Definitive Edition_Data\StreamingAssets\Maps\TheGreatProvider.map","8","115,69","6","7"
"E:\ProgrammeE\Steam\steamapps\common\Stronghold Crusader Definitive Edition\Stronghold Crusader Definitive Edition_Data\StreamingAssets\Maps\Possession.map","6","117,65","1","2"
"E:\ProgrammeE\Steam\steamapps\common\Stronghold Crusader Definitive Edition\Stronghold Crusader Definitive Edition_Data\StreamingAssets\Maps\Serpent's Gorge.map","7","120,3","2","5"
"E:\ProgrammeE\Steam\steamapps\common\Stronghold Crusader Definitive Edition\Stronghold Crusader Definitive Edition_Data\StreamingAssets\Maps\TallOrder.map","4","121","0","2"
"E:\ProgrammeE\Steam\steamapps\common\Stronghold Crusader Definitive Edition\Stronghold Crusader Definitive Edition_Data\StreamingAssets\Maps\A Layered Approach.map","3","121,08","1","2"
"E:\ProgrammeE\Steam\steamapps\common\Stronghold Crusader Definitive Edition\Stronghold Crusader Definitive Edition_Data\StreamingAssets\Maps\EndlessSands.map","7","122,19","4","5"
"E:\ProgrammeE\Steam\steamapps\common\Stronghold Crusader Definitive Edition\Stronghold Crusader Definitive Edition_Data\StreamingAssets\Maps\AbandonedIsland.map","6","125,28","1","2"
"E:\ProgrammeE\Steam\steamapps\common\Stronghold Crusader Definitive Edition\Stronghold Crusader Definitive Edition_Data\StreamingAssets\Maps\Distant Encounters.map","8","125,87","2","7"
"E:\ProgrammeE\Steam\steamapps\common\Stronghold Crusader Definitive Edition\Stronghold Crusader Definitive Edition_Data\StreamingAssets\Maps\StarfishBay.map","5","125,87","1","2"
"E:\ProgrammeE\Steam\steamapps\common\Stronghold Crusader Definitive Edition\Stronghold Crusader Definitive Edition_Data\StreamingAssets\Maps\DividedConquerors.map","6","128,02","2","4"
"E:\ProgrammeE\Steam\steamapps\common\Stronghold Crusader Definitive Edition\Stronghold Crusader Definitive Edition_Data\StreamingAssets\Maps\Bypass.map","5","130,7","2","3"
"E:\ProgrammeE\Steam\steamapps\common\Stronghold Crusader Definitive Edition\Stronghold Crusader Definitive Edition_Data\StreamingAssets\Maps\crusaders_mission4c.map","3","131,55","1","2"
"E:\ProgrammeE\Steam\steamapps\common\Stronghold Crusader Definitive Edition\Stronghold Crusader Definitive Edition_Data\StreamingAssets\Maps\Ultimate_Victory.map","5","133,22","0","3"
"E:\ProgrammeE\Steam\steamapps\common\Stronghold Crusader Definitive Edition\Stronghold Crusader Definitive Edition_Data\StreamingAssets\Maps\MP-Surrounded.map","5","133,22","0","3"
"E:\ProgrammeE\Steam\steamapps\common\Stronghold Crusader Definitive Edition\Stronghold Crusader Definitive Edition_Data\StreamingAssets\Maps\AcrossTheStream.map","8","133,69","2","3"
"E:\ProgrammeE\Steam\steamapps\common\Stronghold Crusader Definitive Edition\Stronghold Crusader Definitive Edition_Data\StreamingAssets\Maps\Antioch.map","3","136,49","1","2"
"E:\ProgrammeE\Steam\steamapps\common\Stronghold Crusader Definitive Edition\Stronghold Crusader Definitive Edition_Data\StreamingAssets\Maps\RingOfSafety.map","3","141","0","1"
"E:\ProgrammeE\Steam\steamapps\common\Stronghold Crusader Definitive Edition\Stronghold Crusader Definitive Edition_Data\StreamingAssets\Maps\The Impasse.map","7","141,43","2","3"
"E:\ProgrammeE\Steam\steamapps\common\Stronghold Crusader Definitive Edition\Stronghold Crusader Definitive Edition_Data\StreamingAssets\Maps\crusaders_mission4d.map","3","142","0","1"
"E:\ProgrammeE\Steam\steamapps\common\Stronghold Crusader Definitive Edition\Stronghold Crusader Definitive Edition_Data\StreamingAssets\Maps\Spider_Island.map","4","142,13","0","2"
"E:\ProgrammeE\Steam\steamapps\common\Stronghold Crusader Definitive Edition\Stronghold Crusader Definitive Edition_Data\StreamingAssets\Maps\Crater Lake.map","8","143,54","4","6"
"E:\ProgrammeE\Steam\steamapps\common\Stronghold Crusader Definitive Edition\Stronghold Crusader Definitive Edition_Data\StreamingAssets\Maps\Verdant Border.map","4","147,11","0","1"
"E:\ProgrammeE\Steam\steamapps\common\Stronghold Crusader Definitive Edition\Stronghold Crusader Definitive Edition_Data\StreamingAssets\Maps\TheFavourite.map","3","147,14","0","2"
"E:\ProgrammeE\Steam\steamapps\common\Stronghold Crusader Definitive Edition\Stronghold Crusader Definitive Edition_Data\StreamingAssets\Maps\Tripoli.map","3","151,82","0","1"
"E:\ProgrammeE\Steam\steamapps\common\Stronghold Crusader Definitive Edition\Stronghold Crusader Definitive Edition_Data\StreamingAssets\Maps\Splintered Cradle.map","6","160,03","3","5"
"E:\ProgrammeE\Steam\steamapps\common\Stronghold Crusader Definitive Edition\Stronghold Crusader Definitive Edition_Data\StreamingAssets\Maps\ConfusingCliffs.map","8","160,55","5","6"
"E:\ProgrammeE\Steam\steamapps\common\Stronghold Crusader Definitive Edition\Stronghold Crusader Definitive Edition_Data\StreamingAssets\Maps\Border Patrol.map","4","161,25","1","2"
"E:\ProgrammeE\Steam\steamapps\common\Stronghold Crusader Definitive Edition\Stronghold Crusader Definitive Edition_Data\StreamingAssets\Maps\Archipelago.map","8","165,56","0","4"
"E:\ProgrammeE\Steam\steamapps\common\Stronghold Crusader Definitive Edition\Stronghold Crusader Definitive Edition_Data\StreamingAssets\Maps\TheShallows.map","4","172,04","0","1"
"E:\ProgrammeE\Steam\steamapps\common\Stronghold Crusader Definitive Edition\Stronghold Crusader Definitive Edition_Data\StreamingAssets\Maps\Centre of the Oasis.map","4","186,94","0","3"
"E:\ProgrammeE\Steam\steamapps\common\Stronghold Crusader Definitive Edition\Stronghold Crusader Definitive Edition_Data\StreamingAssets\Maps\Back to Back.map","8","188","3","4"
"E:\ProgrammeE\Steam\steamapps\common\Stronghold Crusader Definitive Edition\Stronghold Crusader Definitive Edition_Data\StreamingAssets\Maps\Oasis Crossing.map","4","198","0","2"
"E:\ProgrammeE\Steam\steamapps\common\Stronghold Crusader Definitive Edition\Stronghold Crusader Definitive Edition_Data\StreamingAssets\Maps\Crocodiles nest.map","4","210,34","0","1"
"E:\ProgrammeE\Steam\steamapps\common\Stronghold Crusader Definitive Edition\Stronghold Crusader Definitive Edition_Data\StreamingAssets\Maps\FloodedPlains.map","5","211,02","0","4"
"E:\ProgrammeE\Steam\steamapps\common\Stronghold Crusader Definitive Edition\Stronghold Crusader Definitive Edition_Data\StreamingAssets\Maps\Temple Island.map","4","212,15","1","2"
"E:\ProgrammeE\Steam\steamapps\common\Stronghold Crusader Definitive Edition\Stronghold Crusader Definitive Edition_Data\StreamingAssets\Maps\Target Zone.map","4","213,55","0","3"
"E:\ProgrammeE\Steam\steamapps\common\Stronghold Crusader Definitive Edition\Stronghold Crusader Definitive Edition_Data\StreamingAssets\Maps\TriRiverIsland.map","4","249,66","0","1"
"E:\ProgrammeE\Steam\steamapps\common\Stronghold Crusader Definitive Edition\Stronghold Crusader Definitive Edition_Data\StreamingAssets\Maps\LushCrossover.map","4","249,78","1","2"
