diagnostics,sample,terrain,requests,mode,warm,total_ms,us_request,expanded,heap_operations,full_unit_scans,allocated_bytes,gc0,gc1,gc2,diagnostic_cache_hits,publications,native_stub_ms,native_calls,checksum
off,1,gate,1000,group,True,12.524,12.524,0,0,0,360000,0,0,0,0,1000,0.019,1000,3390725077989361320
on,1,gate,1000,group,True,12.841,12.841,0,0,0,464000,0,0,0,1000,1000,0.019,1000,3390725077989361320
off,2,gate,1000,group,True,12.330,12.330,0,0,0,360000,0,0,0,0,1000,0.021,1000,3390725077989361320
on,2,gate,1000,group,True,12.598,12.598,0,0,0,464000,0,0,0,1000,1000,0.019,1000,3390725077989361320
off,1,gate,1000,independent,True,79.372,79.372,363220,876560,0,872000,0,0,0,0,1000,0.024,1000,3390725077989361320
on,1,gate,1000,independent,True,89.414,89.414,363220,876560,0,872000,0,0,0,0,1000,0.019,1000,3390725077989361320
off,2,gate,1000,independent,True,27.127,27.127,363220,876560,0,872000,0,0,0,0,1000,0.017,1000,3390725077989361320
on,2,gate,1000,independent,True,28.145,28.145,363220,876560,0,872000,0,0,0,0,1000,0.016,1000,3390725077989361320
off,1,gate,1000,field,True,16.038,16.038,0,0,0,1416000,1,1,0,0,0,0.013,1000,1000
on,1,gate,1000,field,True,10.950,10.950,0,0,0,1416000,0,0,0,1000,0,0.016,1000,1000
off,2,gate,1000,field,True,10.017,10.017,0,0,0,1416000,0,0,0,0,0,0.014,1000,1000
on,2,gate,1000,field,True,10.348,10.348,0,0,0,1416000,0,0,0,1000,0,0.018,1000,1000
off,1,gate,5000,group,True,8.281,1.656,0,0,0,1800000,0,0,0,0,5000,0.081,5000,-2658343595103045560
on,1,gate,5000,group,True,9.408,1.881,0,0,0,2320000,0,0,0,5000,5000,0.078,5000,-2658343595103045560
off,2,gate,5000,group,True,8.220,1.644,0,0,0,1800000,0,0,0,0,5000,0.082,5000,-2658343595103045560
on,2,gate,5000,group,True,9.584,1.917,0,0,0,2320000,0,0,0,5000,5000,0.079,5000,-2658343595103045560
off,1,gate,5000,independent,True,133.465,26.693,1813932,4377920,0,4360000,0,0,0,0,5000,0.081,5000,-2658343595103045560
on,1,gate,5000,independent,True,134.715,26.943,1813932,4377920,0,4360000,0,0,0,0,5000,0.077,5000,-2658343595103045560
off,2,gate,5000,independent,True,133.138,26.628,1813932,4377920,0,4360000,0,0,0,0,5000,0.082,5000,-2658343595103045560
on,2,gate,5000,independent,True,132.451,26.490,1813932,4377920,0,4360000,0,0,0,0,5000,0.071,5000,-2658343595103045560
off,1,gate,5000,field,True,89.901,17.980,0,0,0,7080000,0,0,0,0,0,0.076,5000,5000
on,1,gate,5000,field,True,37.429,7.486,0,0,0,6782928,1,0,0,5000,0,0.082,5000,5000
off,2,gate,5000,field,True,44.011,8.802,0,0,0,7080000,0,0,0,0,0,0.078,5000,5000
on,2,gate,5000,field,True,9.944,1.989,0,0,0,6360000,0,0,0,5000,0,0.079,5000,5000
off,1,gate,10000,group,True,15.347,1.535,0,0,0,3600000,0,0,0,0,10000,0.157,10000,-6750836799164892144
on,1,gate,10000,group,True,17.921,1.792,0,0,0,4640000,0,0,0,10000,10000,0.163,10000,-6750836799164892144
off,2,gate,10000,group,True,15.232,1.523,0,0,0,3600000,0,0,0,0,10000,0.159,10000,-6750836799164892144
on,2,gate,10000,group,True,17.284,1.728,0,0,0,4640000,0,0,0,10000,10000,0.160,10000,-6750836799164892144
off,1,gate,10000,independent,True,268.923,26.892,3627828,8755752,0,8720000,0,0,0,0,10000,0.156,10000,-6750836799164892144
on,1,gate,10000,independent,True,273.166,27.317,3627828,8755752,0,8720000,1,0,0,0,10000,0.157,10000,-6750836799164892144
off,2,gate,10000,independent,True,273.736,27.374,3627828,8755752,0,8720000,0,0,0,0,10000,0.151,10000,-6750836799164892144
on,2,gate,10000,independent,True,270.116,27.012,3627828,8755752,0,8720000,0,0,0,0,10000,0.158,10000,-6750836799164892144
off,1,gate,10000,field,True,20.633,2.063,0,0,0,12720000,0,0,0,0,0,0.160,10000,10000
on,1,gate,10000,field,True,21.662,2.166,0,0,0,12720000,0,0,0,10000,0,0.167,10000,10000
off,2,gate,10000,field,True,20.742,2.074,0,0,0,12720000,0,0,0,0,0,0.163,10000,10000
on,2,gate,10000,field,True,23.859,2.386,0,0,0,12720000,1,0,0,10000,0,0.160,10000,10000
